YEAR,POPULATION,COUNT,AGE_ADJUSTED_RATE,AREA
1999,4430141,19293.0,425.2,Alabama
2000,4452173,19854.0,432.9,Alabama
2001,4467634,21083.0,454.6,Alabama
2002,4480089,21413.0,456.0,Alabama
2003,4503491,20811.0,437.4,Alabama
2004,4530729,22260.0,460.8,Alabama
2005,4565917,22684.0,462.0,Alabama
2006,4628981,23381.0,465.3,Alabama
2007,4672840,24232.0,473.7,Alabama
2008,4718206,25352.0,485.7,Alabama
2009,4757938,25334.0,477.7,Alabama
2010,4785492,25356.0,467.6,Alabama
2011,4799918,25262.0,459.0,Alabama
2012,4815960,25488.0,455.6,Alabama
2013,4829479,25618.0,449.3,Alabama
2014,4843214,25553.0,441.1,Alabama
2015,4853875,26443.0,449.1,Alabama
1999,624779,1966.0,505.9,Alaska
2000,627963,2053.0,514.9,Alaska
2001,633714,2187.0,516.4,Alaska
2002,642337,2239.0,502.9,Alaska
2003,648414,2266.0,494.5,Alaska
2004,659286,2436.0,512.8,Alaska
2005,666946,2375.0,481.7,Alaska
2006,675302,2509.0,488.8,Alaska
2007,680300,2523.0,473.3,Alaska
2008,687455,2682.0,481.9,Alaska
2009,698895,2678.0,465.5,Alaska
2010,714031,2795.0,466.6,Alaska
2011,722713,2729.0,439.7,Alaska
2012,731089,2664.0,411.3,Alaska
2013,736879,2678.0,411.5,Alaska
2014,736705,2714.0,410.9,Alaska
2015,737709,2743.0,397.3,Alaska
1999,5023823,21247.0,422.5,Arizona
2000,5160586,22034.0,427.2,Arizona
2001,5273477,23228.0,438.5,Arizona
2002,5396255,23439.0,430.5,Arizona
2003,5510364,23861.0,425.6,Arizona
2004,5652404,24409.0,421.7,Arizona
2005,5839077,25139.0,417.1,Arizona
2006,6029141,26299.0,421.3,Arizona
2007,6167681,27343.0,424.2,Arizona
2008,6280362,27300.0,413.4,Arizona
2009,6343154,28658.0,421.0,Arizona
2010,6408312,28287.0,404.3,Arizona
2011,6467163,29187.0,406.3,Arizona
2012,6549634,28953.0,390.5,Arizona
2013,6624617,29409.0,384.0,Arizona
2014,6719993,30597.0,386.9,Arizona
2015,6817565,30832.0,377.3,Arizona
2001,2691571,13246.0,457.5,Arkansas
2002,2705927,13269.0,452.3,Arkansas
2003,2724816,13844.0,466.1,Arkansas
2004,2749686,13941.0,462.9,Arkansas
2005,2781097,14233.0,466.1,Arkansas
2006,2821761,14436.0,461.9,Arkansas
2007,2848650,14932.0,470.3,Arkansas
2008,2874554,14878.0,459.1,Arkansas
2009,2896843,15043.0,457.0,Arkansas
2010,2921995,15267.0,455.9,Arkansas
2011,2939493,15228.0,447.4,Arkansas
2012,2950685,15660.0,454.6,Arkansas
2013,2958663,16204.0,464.0,Arkansas
2014,2966912,16443.0,464.7,Arkansas
2015,2977853,16888.0,470.1,Arkansas
1999,33499204,136346.0,466.3,California
2000,33987977,137389.0,460.0,California
2001,34479458,142340.0,466.9,California
2002,34871843,144003.0,462.5,California
2003,35253159,142570.0,447.9,California
2004,35574576,146460.0,452.1,California
2005,35827943,148345.0,448.7,California
2006,36021202,149895.0,446.9,California
2007,36250311,156343.0,456.3,California
2008,36604337,158693.0,451.9,California
2009,36961229,160714.0,446.8,California
2010,37332685,161946.0,438.8,California
2011,37676861,162038.0,428.1,California
2012,38011074,162097.0,418.0,California
2013,38335203,163291.0,410.0,California
2014,38680810,165404.0,404.5,California
2015,38993940,166623.0,398.0,California
1999,4226018,16136.0,449.6,Colorado
2000,4326921,16771.0,453.8,Colorado
2001,4425687,17819.0,470.5,Colorado
2002,4490406,17977.0,463.0,Colorado
2003,4528732,18078.0,452.9,Colorado
2004,4575013,18350.0,447.2,Colorado
2005,4631888,18902.0,447.5,Colorado
2006,4720423,19292.0,440.4,Colorado
2007,4803868,20713.0,457.2,Colorado
2008,4889730,20985.0,447.8,Colorado
2009,4972195,21681.0,446.3,Colorado
2010,5048644,21477.0,429.8,Colorado
2011,5118360,21845.0,424.8,Colorado
2012,5189867,21998.0,412.7,Colorado
2013,5267603,22292.0,405.8,Colorado
2014,5349648,22636.0,399.5,Colorado
2015,5448819,22528.0,384.3,Colorado
1999,3386401,18694.0,516.2,Connecticut
2000,3411777,19197.0,524.8,Connecticut
2001,3432835,19628.0,531.7,Connecticut
2002,3458749,19569.0,522.8,Connecticut
2003,3484336,19518.0,514.0,Connecticut
2004,3496094,19500.0,508.2,Connecticut
2005,3506956,19805.0,510.8,Connecticut
2006,3517460,20572.0,525.5,Connecticut
2007,3527270,20642.0,520.0,Connecticut
2008,3545579,20746.0,512.8,Connecticut
2009,3561807,21156.0,516.3,Connecticut
2010,3579899,20875.0,502.1,Connecticut
2011,3589893,20788.0,493.4,Connecticut
2012,3593795,20752.0,486.0,Connecticut
2013,3596003,20736.0,479.5,Connecticut
2014,3591873,20564.0,471.0,Connecticut
2015,3584730,20795.0,468.6,Connecticut
1999,774990,3970.0,502.9,Delaware
2000,786373,4155.0,516.7,Delaware
2001,795699,4324.0,527.9,Delaware
2002,806169,4353.0,516.8,Delaware
2003,818003,4344.0,502.8,Delaware
2004,830803,4515.0,510.0,Delaware
2005,845150,4824.0,528.6,Delaware
2006,859268,5090.0,540.9,Delaware
2007,871749,5170.0,532.0,Delaware
2008,883874,5273.0,529.5,Delaware
2009,891730,5315.0,520.5,Delaware
2010,899816,5316.0,510.9,Delaware
2011,907924,5510.0,515.9,Delaware
2012,916993,5525.0,502.5,Delaware
2013,925395,5788.0,511.4,Delaware
2014,934948,5730.0,492.8,Delaware
2015,944076,5872.0,490.6,Delaware
1999,570213,2982.0,534.6,District of Columbia
2000,572046,2965.0,529.7,District of Columbia
2001,574504,2915.0,517.6,District of Columbia
2002,573158,3109.0,551.4,District of Columbia
2003,568502,3084.0,547.4,District of Columbia
2004,567754,2746.0,488.3,District of Columbia
2005,567136,2773.0,488.3,District of Columbia
2006,570681,2758.0,489.7,District of Columbia
2007,574404,2985.0,526.1,District of Columbia
2008,580236,2748.0,480.8,District of Columbia
2009,592228,2829.0,485.9,District of Columbia
2010,605183,2975.0,500.8,District of Columbia
2011,620477,3183.0,524.7,District of Columbia
2012,635327,3069.0,493.1,District of Columbia
2013,649165,2852.0,456.7,District of Columbia
2014,659005,2881.0,450.2,District of Columbia
2015,670377,2486.0,380.0,District of Columbia
1999,15759421,100191.0,511.7,Florida
2000,16047515,103496.0,520.2,Florida
2001,16356966,105242.0,520.0,Florida
2002,16689370,104335.0,505.4,Florida
2003,17004085,103400.0,491.1,Florida
2004,17415318,103596.0,480.5,Florida
2005,17842038,106964.0,484.2,Florida
2006,18166990,107863.0,480.0,Florida
2007,18367842,110376.0,482.1,Florida
2008,18527305,112752.0,482.5,Florida
2009,18652644,112335.0,471.6,Florida
2010,18849098,111914.0,459.6,Florida
2011,19096952,113360.0,455.0,Florida
2012,19344156,112893.0,441.2,Florida
2013,19582022,112823.0,430.3,Florida
2014,19888741,113512.0,422.1,Florida
2015,20244914,111972.0,405.1,Florida
1999,8045965,30343.0,446.0,Georgia
2000,8227303,32969.0,472.9,Georgia
2001,8377038,34501.0,483.5,Georgia
2002,8508256,35625.0,486.0,Georgia
2003,8622793,35776.0,476.4,Georgia
2004,8769252,36824.0,477.8,Georgia
2005,8925922,37507.0,470.4,Georgia
2006,9155813,39342.0,474.9,Georgia
2007,9349988,42164.0,492.1,Georgia
2008,9504843,43124.0,487.1,Georgia
2009,9620846,43878.0,482.5,Georgia
2010,9713521,43337.0,461.9,Georgia
2011,9811610,45214.0,471.3,Georgia
2012,9914668,46533.0,468.9,Georgia
2013,9984938,46942.0,459.9,Georgia
2014,10087231,48668.0,463.0,Georgia
2015,10199398,49553.0,458.6,Georgia
1999,1210300,5372.0,436.4,Hawaii
2000,1213519,5260.0,418.5,Hawaii
2001,1225948,5590.0,434.5,Hawaii
2002,1239613,5618.0,426.4,Hawaii
2003,1251154,5747.0,426.6,Hawaii
2004,1273569,6035.0,436.8,Hawaii
2005,1292729,6120.0,431.3,Hawaii
2006,1309731,6205.0,428.0,Hawaii
2007,1315675,6417.0,434.9,Hawaii
2008,1332213,6652.0,439.6,Hawaii
2009,1346717,6788.0,439.9,Hawaii
2010,1363945,6741.0,426.4,Hawaii
2011,1377864,6808.0,422.4,Hawaii
2012,1391820,6865.0,417.4,Hawaii
2013,1406481,7097.0,423.5,Hawaii
2014,1416349,6967.0,407.8,Hawaii
2015,1425157,7131.0,408.5,Hawaii
1999,1275674,5210.0,445.6,Idaho
2000,1299430,5674.0,475.1,Idaho
2001,1319962,5752.0,470.1,Idaho
2002,1340372,5965.0,474.8,Idaho
2003,1363380,6013.0,465.4,Idaho
2004,1391802,6181.0,463.9,Idaho
2005,1428241,6579.0,478.4,Idaho
2006,1468669,6780.0,474.0,Idaho
2007,1505105,7184.0,485.2,Idaho
2008,1534320,7161.0,468.2,Idaho
2009,1554439,7382.0,468.5,Idaho
2010,1571010,7460.0,459.8,Idaho
2011,1584143,7584.0,456.5,Idaho
2012,1595911,7587.0,445.2,Idaho
2013,1612011,7484.0,427.2,Idaho
2014,1633532,7887.0,435.8,Idaho
2015,1652828,8132.0,437.9,Idaho
1999,12359020,58861.0,494.8,Illinois
2000,12434161,59177.0,493.4,Illinois
2001,12488445,60917.0,503.7,Illinois
2002,12525556,62353.0,510.6,Illinois
2003,12556006,60988.0,493.3,Illinois
2004,12589773,61602.0,493.5,Illinois
2005,12609903,61987.0,490.7,Illinois
2006,12643955,63881.0,500.9,Illinois
2007,12695866,65077.0,502.6,Illinois
2008,12747038,66480.0,504.9,Illinois
2009,12796778,66791.0,499.6,Illinois
2010,12841578,65504.0,482.1,Illinois
2011,12860012,66847.0,484.3,Illinois
2012,12870798,65763.0,468.6,Illinois
2013,12879505,66228.0,464.4,Illinois
2014,12867544,67635.0,467.1,Illinois
2015,12839047,68549.0,468.0,Illinois
1999,6044969,27434.0,460.9,Indiana
2000,6091866,28620.0,475.8,Indiana
2001,6127760,29922.0,492.5,Indiana
2002,6155967,30260.0,492.0,Indiana
2003,6196638,30329.0,485.4,Indiana
2004,6233007,30192.0,477.0,Indiana
2005,6278616,30716.0,478.2,Indiana
2006,6332669,31769.0,486.3,Indiana
2007,6379599,32102.0,482.7,Indiana
2008,6424806,32516.0,478.8,Indiana
2009,6459325,32549.0,471.3,Indiana
2010,6490528,32846.0,467.8,Indiana
2011,6516480,33102.0,463.7,Indiana
2012,6537743,32995.0,455.1,Indiana
2013,6569102,33323.0,452.2,Indiana
2014,6595233,33862.0,452.7,Indiana
2015,6612768,33977.0,447.4,Indiana
1999,2917634,15809.0,489.1,Iowa
2000,2929067,15755.0,485.4,Iowa
2001,2931997,16223.0,495.9,Iowa
2002,2934234,16343.0,497.3,Iowa
2003,2941999,16059.0,485.3,Iowa
2004,2953635,16264.0,485.6,Iowa
2005,2964454,16473.0,488.1,Iowa
2006,2982644,16771.0,491.1,Iowa
2007,2999212,16879.0,488.4,Iowa
2008,3016734,16961.0,485.6,Iowa
2009,3032870,17638.0,498.2,Iowa
2010,3050738,17582.0,491.0,Iowa
2011,3065223,17601.0,486.1,Iowa
2012,3076310,17285.0,471.0,Iowa
2013,3091930,17278.0,466.0,Iowa
2014,3108030,17930.0,479.2,Iowa
2015,3121997,17878.0,470.2,Iowa
1999,2678338,12666.0,468.1,Kansas
2000,2693681,12734.0,467.6,Kansas
2001,2702162,12729.0,463.9,Kansas
2002,2713535,12818.0,462.3,Kansas
2003,2723004,13161.0,469.9,Kansas
2004,2734373,13335.0,471.1,Kansas
2005,2745299,13356.0,466.7,Kansas
2006,2762931,13669.0,471.3,Kansas
2007,2783785,14296.0,485.7,Kansas
2008,2808076,14525.0,486.0,Kansas
2009,2832704,14386.0,472.6,Kansas
2010,2858850,14433.0,468.4,Kansas
2011,2869503,15087.0,483.1,Kansas
2012,2885262,15016.0,472.7,Kansas
2013,2892821,14913.0,461.4,Kansas
2014,2899360,14781.0,452.6,Kansas
2015,2906721,15014.0,452.9,Kansas
1999,4018053,20864.0,519.0,Kentucky
2000,4049021,21351.0,523.0,Kentucky
2001,4068132,21888.0,531.2,Kentucky
2002,4089875,21886.0,523.9,Kentucky
2003,4117170,22000.0,518.1,Kentucky
2004,4146101,22498.0,521.9,Kentucky
2005,4182742,22783.0,518.3,Kentucky
2006,4219239,23968.0,534.0,Kentucky
2007,4256672,24552.0,535.7,Kentucky
2008,4289878,24727.0,529.0,Kentucky
2009,4317074,24948.0,523.9,Kentucky
2010,4348662,25527.0,527.4,Kentucky
2011,4369354,25764.0,523.6,Kentucky
2012,4384799,26343.0,525.0,Kentucky
2013,4400477,26484.0,520.5,Kentucky
2014,4413057,26982.0,521.8,Kentucky
2015,4424611,26920.0,512.0,Kentucky
1999,4460811,20438.0,493.1,Louisiana
2000,4471885,20736.0,493.9,Louisiana
2001,4477875,21427.0,504.9,Louisiana
2002,4497267,21570.0,500.6,Louisiana
2003,4521042,21628.0,494.1,Louisiana
2004,4552238,22093.0,497.5,Louisiana
2005,4411396,21095.0,481.5,Louisiana
2006,4302665,21605.0,494.5,Louisiana
2007,4375581,22478.0,502.2,Louisiana
2008,4435586,22965.0,501.6,Louisiana
2009,4491648,23656.0,504.1,Louisiana
2010,4544996,23745.0,497.1,Louisiana
2011,4575404,24259.0,496.9,Louisiana
2012,4603429,24300.0,488.2,Louisiana
2013,4626402,24371.0,480.6,Louisiana
2014,4647880,24800.0,480.5,Louisiana
2015,4668960,25165.0,477.5,Louisiana
1999,1266808,7167.0,510.8,Maine
2000,1277072,7595.0,531.6,Maine
2001,1285692,7861.0,542.0,Maine
2002,1295960,7903.0,535.3,Maine
2003,1306513,7943.0,529.1,Maine
2004,1313688,8349.0,544.8,Maine
2005,1318787,8321.0,535.1,Maine
2006,1323619,8636.0,545.2,Maine
2007,1327040,8558.0,528.8,Maine
2008,1330509,8482.0,513.4,Maine
2009,1329590,8373.0,500.0,Maine
2010,1327730,8402.0,494.4,Maine
2011,1328231,8364.0,485.7,Maine
2012,1328895,8531.0,481.5,Maine
2013,1329076,8451.0,468.7,Maine
2014,1330719,8767.0,478.0,Maine
2015,1329453,8692.0,468.0,Maine
1999,5254509,24807.0,498.8,Maryland
2000,5311034,25109.0,494.9,Maryland
2001,5374691,24614.0,476.1,Maryland
2002,5440389,26464.0,500.6,Maryland
2003,5496269,27228.0,504.4,Maryland
2004,5546935,25539.0,464.8,Maryland
2005,5592379,25938.0,464.5,Maryland
2006,5627367,26069.0,459.2,Maryland
2007,5653408,27983.0,483.6,Maryland
2008,5684965,28540.0,483.8,Maryland
2009,5730388,28581.0,471.1,Maryland
2010,5788584,28951.0,469.2,Maryland
2011,5843603,29085.0,459.3,Maryland
2012,5889651,29060.0,449.1,Maryland
2013,5931129,30412.0,460.3,Maryland
2014,5967295,30299.0,448.0,Maryland
2015,5994983,30924.0,448.7,Maryland
1999,6317345,33916.0,515.5,Massachusetts
2000,6361104,34463.0,518.3,Massachusetts
2001,6397634,35241.0,526.1,Massachusetts
2002,6417206,35915.0,530.1,Massachusetts
2003,6422565,35097.0,513.2,Massachusetts
2004,6412281,35451.0,514.2,Massachusetts
2005,6403290,35909.0,516.9,Massachusetts
2006,6410084,37105.0,529.8,Massachusetts
2007,6431559,37203.0,523.4,Massachusetts
2008,6468967,37741.0,522.0,Massachusetts
2009,6517613,37579.0,510.9,Massachusetts
2010,6565524,35715.0,477.9,Massachusetts
2011,6611923,37219.0,489.6,Massachusetts
2012,6658008,36544.0,472.6,Massachusetts
2013,6706786,36269.0,459.8,Massachusetts
2014,6749911,36682.0,457.9,Massachusetts
2015,6784240,36933.0,452.8,Massachusetts
1999,9897116,50692.0,523.4,Michigan
2000,9952450,51225.0,522.3,Michigan
2001,9991120,51818.0,522.5,Michigan
2002,10015710,52760.0,524.7,Michigan
2003,10041152,53118.0,520.8,Michigan
2004,10055315,52150.0,504.4,Michigan
2005,10051137,52866.0,505.0,Michigan
2006,10036081,53591.0,505.0,Michigan
2007,10001284,55911.0,517.8,Michigan
2008,9946889,53706.0,490.9,Michigan
2009,9901591,54187.0,487.4,Michigan
2010,9877495,55389.0,491.1,Michigan
2011,9876213,56041.0,488.8,Michigan
2012,9887238,54158.0,464.6,Michigan
2013,9898982,53605.0,453.3,Michigan
2014,9915767,53694.0,446.5,Michigan
2015,9917715,53199.0,435.8,Michigan
1999,4873481,21926.0,467.5,Minnesota
2000,4933692,22825.0,479.4,Minnesota
2001,4982796,23694.0,490.9,Minnesota
2002,5018935,23871.0,485.6,Minnesota
2003,5053572,23737.0,474.1,Minnesota
2004,5087713,24533.0,481.8,Minnesota
2005,5119598,24651.0,476.3,Minnesota
2006,5163555,25555.0,484.2,Minnesota
2007,5207203,26862.0,497.6,Minnesota
2008,5247018,27070.0,489.9,Minnesota
2009,5281203,27020.0,478.9,Minnesota
2010,5311147,27277.0,475.7,Minnesota
2011,5348562,28151.0,479.9,Minnesota
2012,5380285,27966.0,465.2,Minnesota
2013,5418521,28032.0,456.7,Minnesota
2014,5453109,28573.0,455.6,Minnesota
2015,5482435,30277.0,475.0,Minnesota
2003,2868312,13230.0,465.9,Mississippi
2004,2889010,13545.0,469.4,Mississippi
2005,2876229,13695.0,470.3,Mississippi
2006,2904978,14282.0,481.0,Mississippi
2007,2928350,15037.0,496.1,Mississippi
2008,2947806,15357.0,499.3,Mississippi
2009,2958774,15087.0,483.9,Mississippi
2010,2970322,15510.0,487.5,Mississippi
2011,2978162,15453.0,477.3,Mississippi
2012,2984945,15468.0,469.1,Mississippi
2013,2990482,15724.0,467.7,Mississippi
2014,2992400,15953.0,467.9,Mississippi
2015,2989390,15781.0,456.7,Mississippi
1999,5561948,27712.0,478.4,Missouri
2000,5607285,27506.0,469.8,Missouri
2001,5641142,28319.0,478.6,Missouri
2002,5674825,28652.0,478.3,Missouri
2003,5709403,28906.0,476.1,Missouri
2004,5747741,28933.0,470.9,Missouri
2005,5790300,30674.0,491.7,Missouri
2006,5842704,30887.0,486.5,Missouri
2007,5887612,31219.0,483.3,Missouri
2008,5923916,31180.0,473.8,Missouri
2009,5961088,32266.0,481.9,Missouri
2010,5996118,31555.0,463.6,Missouri
2011,6010717,32570.0,471.6,Missouri
2012,6025415,32620.0,464.4,Missouri
2013,6042711,32206.0,451.2,Missouri
2014,6060930,32940.0,454.2,Missouri
2015,6076204,32952.0,449.4,Missouri
1999,897507,4590.0,486.7,Montana
2000,903773,4785.0,498.5,Montana
2001,906961,4997.0,511.7,Montana
2002,911667,5003.0,504.5,Montana
2003,919630,4983.0,492.7,Montana
2004,930009,4925.0,474.7,Montana
2005,940102,5234.0,493.1,Montana
2006,952692,5206.0,479.4,Montana
2007,964706,5370.0,477.4,Montana
2008,976415,5405.0,470.6,Montana
2009,983982,5636.0,479.0,Montana
2010,990641,5651.0,474.2,Montana
2011,997821,5755.0,471.1,Montana
2012,1005196,5562.0,445.6,Montana
2013,1014314,5694.0,444.1,Montana
2014,1022867,5718.0,438.3,Montana
2015,1032073,5918.0,443.9,Montana
1999,1704764,8534.0,485.2,Nebraska
2000,1713820,8585.0,485.3,Nebraska
2001,1719836,8672.0,485.4,Nebraska
2002,1728292,8809.0,489.3,Nebraska
2003,1738643,8640.0,475.4,Nebraska
2004,1749370,8826.0,480.4,Nebraska
2005,1761497,9035.0,485.2,Nebraska
2006,1772693,9205.0,487.6,Nebraska
2007,1783440,9517.0,496.9,Nebraska
2008,1796378,9422.0,484.0,Nebraska
2009,1812683,9037.0,457.9,Nebraska
2010,1830051,9385.0,467.3,Nebraska
2011,1842283,9420.0,464.0,Nebraska
2012,1855725,9263.0,447.2,Nebraska
2013,1868559,9503.0,453.2,Nebraska
2014,1881145,9562.0,447.3,Nebraska
2015,1893765,9854.0,456.1,Nebraska
1999,1934718,7565.0,419.0,Nevada
2000,2018741,9608.0,511.9,Nevada
2001,2098399,9870.0,500.9,Nevada
2002,2173791,10287.0,499.2,Nevada
2003,2248850,10315.0,477.2,Nevada
2004,2346222,10787.0,477.3,Nevada
2005,2432143,10638.0,450.6,Nevada
2006,2522658,11306.0,465.5,Nevada
2007,2601072,11222.0,443.1,Nevada
2008,2653630,11956.0,457.6,Nevada
2009,2684665,12367.0,460.1,Nevada
2010,2703284,11852.0,430.5,Nevada
2011,2718379,12211.0,430.8,Nevada
2012,2752565,11912.0,403.8,Nevada
2013,2786464,12227.0,402.1,Nevada
2014,2833013,12057.0,381.5,Nevada
2015,2883758,11431.0,348.8,Nevada
1999,1222014,5865.0,489.4,New Hampshire
2000,1239882,6215.0,506.8,New Hampshire
2001,1255517,6515.0,521.5,New Hampshire
2002,1269089,6864.0,537.9,New Hampshire
2003,1279840,6756.0,517.6,New Hampshire
2004,1290121,7008.0,524.3,New Hampshire
2005,1298492,7247.0,531.6,New Hampshire
2006,1308389,7295.0,520.4,New Hampshire
2007,1312540,7459.0,518.6,New Hampshire
2008,1315906,7739.0,526.2,New Hampshire
2009,1316102,7707.0,512.3,New Hampshire
2010,1316872,7799.0,505.5,New Hampshire
2011,1318473,8076.0,516.9,New Hampshire
2012,1321182,7855.0,491.5,New Hampshire
2013,1322687,8093.0,492.1,New Hampshire
2014,1328743,8030.0,476.1,New Hampshire
2015,1330111,7978.0,466.4,New Hampshire
1999,8359592,45011.0,519.3,New Jersey
2000,8430621,46100.0,525.8,New Jersey
2001,8492671,48372.0,546.6,New Jersey
2002,8552643,48027.0,535.9,New Jersey
2003,8601402,46356.0,511.4,New Jersey
2004,8634561,46689.0,510.4,New Jersey
2005,8651974,47109.0,510.9,New Jersey
2006,8661679,48735.0,523.6,New Jersey
2007,8677885,49373.0,523.6,New Jersey
2008,8711090,49296.0,515.1,New Jersey
2009,8755602,49804.0,512.8,New Jersey
2010,8803729,49255.0,498.9,New Jersey
2011,8841243,50146.0,501.7,New Jersey
2012,8873211,49720.0,489.0,New Jersey
2013,8899162,50589.0,489.9,New Jersey
2014,8925001,50245.0,479.1,New Jersey
2015,8935421,51099.0,479.5,New Jersey
1999,1808082,7298.0,431.4,New Mexico
2000,1821204,7273.0,419.9,New Mexico
2001,1831690,7674.0,432.8,New Mexico
2002,1855309,7889.0,434.1,New Mexico
2003,1877574,7842.0,420.5,New Mexico
2004,1903808,8261.0,431.6,New Mexico
2005,1932274,8286.0,421.0,New Mexico
2006,1962137,8501.0,417.2,New Mexico
2007,1990070,8800.0,420.2,New Mexico
2008,2010662,9019.0,420.4,New Mexico
2009,2036802,9078.0,412.0,New Mexico
2010,2064756,9049.0,398.9,New Mexico
2011,2077756,8914.0,384.2,New Mexico
2012,2083784,8894.0,378.0,New Mexico
2013,2085193,8977.0,374.4,New Mexico
2014,2083024,9150.0,375.7,New Mexico
2015,2080328,9091.0,366.2,New Mexico
1999,18882725,94391.0,494.1,New York
2000,19001780,97140.0,501.6,New York
2001,19082838,98099.0,501.4,New York
2002,19137800,99308.0,501.5,New York
2003,19175939,99454.0,497.0,New York
2004,19171567,100399.0,497.1,New York
2005,19132610,101845.0,500.5,New York
2006,19104631,104806.0,511.9,New York
2007,19132335,106636.0,514.3,New York
2008,19212436,108367.0,515.9,New York
2009,19307066,109038.0,511.6,New York
2010,19402640,106851.0,494.5,New York
2011,19519529,110766.0,504.3,New York
2012,19602769,107904.0,484.4,New York
2013,19673546,111352.0,492.9,New York
2014,19718515,110502.0,481.9,New York
2015,19747183,111951.0,482.0,New York
1999,7949361,34414.0,442.0,North Carolina
2000,8081614,36409.0,458.7,North Carolina
2001,8210122,37344.0,462.1,North Carolina
2002,8326201,38085.0,459.6,North Carolina
2003,8422501,38853.0,457.5,North Carolina
2004,8553152,41627.0,479.3,North Carolina
2005,8705407,43904.0,491.7,North Carolina
2006,8917270,45177.0,488.5,North Carolina
2007,9118037,47064.0,492.1,North Carolina
2008,9309449,48105.0,487.8,North Carolina
2009,9449566,50090.0,495.5,North Carolina
2010,9558915,50154.0,483.3,North Carolina
2011,9650963,51078.0,479.6,North Carolina
2012,9746175,50524.0,462.2,North Carolina
2013,9841590,52330.0,466.4,North Carolina
2014,9934399,53229.0,461.5,North Carolina
2015,10035186,54429.0,460.6,North Carolina
1999,644259,3186.0,461.1,North Dakota
2000,642023,3202.0,459.4,North Dakota
2001,639062,3268.0,465.7,North Dakota
2002,638168,3317.0,469.6,North Dakota
2003,638817,3298.0,465.3,North Dakota
2004,644705,3340.0,464.7,North Dakota
2005,646089,3486.0,481.2,North Dakota
2006,649422,3513.0,477.9,North Dakota
2007,652822,3609.0,487.4,North Dakota
2008,657569,3539.0,469.3,North Dakota
2009,664968,3496.0,460.1,North Dakota
2010,674526,3609.0,465.7,North Dakota
2011,685476,3744.0,472.4,North Dakota
2012,702087,3757.0,471.0,North Dakota
2013,724019,3616.0,446.7,North Dakota
2014,739904,3651.0,443.7,North Dakota
2015,756835,3737.0,445.9,North Dakota
1999,11335454,57128.0,488.3,Ohio
2000,11363543,55855.0,473.7,Ohio
2001,11387404,57656.0,485.3,Ohio
2002,11407889,58032.0,483.1,Ohio
2003,11434788,57265.0,471.0,Ohio
2004,11452251,58894.0,480.4,Ohio
2005,11463320,60215.0,486.1,Ohio
2006,11481213,60824.0,484.8,Ohio
2007,11500468,61626.0,483.5,Ohio
2008,11515391,63322.0,489.4,Ohio
2009,11528896,63996.0,488.6,Ohio
2010,11540983,61937.0,465.4,Ohio
2011,11544824,63635.0,472.7,Ohio
2012,11550839,62193.0,455.1,Ohio
2013,11570022,63888.0,460.4,Ohio
2014,11594408,64614.0,459.9,Ohio
2015,11605090,65422.0,460.8,Ohio
1999,3437147,16094.0,457.2,Oklahoma
2000,3454365,16346.0,459.3,Oklahoma
2001,3467100,16853.0,470.0,Oklahoma
2002,3489080,17352.0,478.3,Oklahoma
2003,3504892,17981.0,490.1,Oklahoma
2004,3525233,17771.0,478.0,Oklahoma
2005,3548597,17887.0,475.3,Oklahoma
2006,3594090,18971.0,495.0,Oklahoma
2007,3634349,19771.0,506.6,Oklahoma
2008,3668976,18870.0,475.1,Oklahoma
2009,3717572,19009.0,469.1,Oklahoma
2010,3759603,18684.0,453.5,Oklahoma
2011,3786274,18981.0,453.5,Oklahoma
2012,3817054,19217.0,452.7,Oklahoma
2013,3852415,19399.0,449.0,Oklahoma
2014,3877499,19723.0,449.8,Oklahoma
2015,3907414,19761.0,442.1,Oklahoma
1999,3393941,17611.0,509.3,Oregon
2000,3429708,17454.0,497.1,Oregon
2001,3467937,17855.0,499.6,Oregon
2002,3513424,17872.0,488.2,Oregon
2003,3547376,17580.0,470.0,Oregon
2004,3569463,18483.0,484.4,Oregon
2005,3613202,18723.0,478.7,Oregon
2006,3670883,19126.0,475.4,Oregon
2007,3722417,19402.0,471.2,Oregon
2008,3768748,20415.0,483.3,Oregon
2009,3808600,19966.0,462.8,Oregon
2010,3838048,19836.0,450.1,Oregon
2011,3868031,20788.0,461.6,Oregon
2012,3899116,20339.0,439.3,Oregon
2013,3925751,21025.0,444.1,Oregon
2014,3968371,20775.0,428.6,Oregon
2015,4024634,19883.0,399.6,Oregon
1999,12263805,70878.0,502.5,Pennsylvania
2000,12284173,71377.0,504.3,Pennsylvania
2001,12298970,74683.0,524.9,Pennsylvania
2002,12331031,74124.0,517.3,Pennsylvania
2003,12374658,73134.0,506.0,Pennsylvania
2004,12410722,73126.0,503.1,Pennsylvania
2005,12449990,73874.0,504.4,Pennsylvania
2006,12510809,75996.0,513.4,Pennsylvania
2007,12563937,77290.0,515.9,Pennsylvania
2008,12612285,77431.0,511.2,Pennsylvania
2009,12666858,77986.0,509.3,Pennsylvania
2010,12712343,78463.0,506.2,Pennsylvania
2011,12744293,80141.0,511.3,Pennsylvania
2012,12771854,77487.0,488.1,Pennsylvania
2013,12781338,78953.0,492.0,Pennsylvania
2014,12790565,78126.0,481.3,Pennsylvania
2015,12791904,79335.0,483.1,Pennsylvania
1999,1040402,6116.0,539.5,Rhode Island
2000,1050268,6169.0,539.9,Rhode Island
2001,1057142,6168.0,535.3,Rhode Island
2002,1065995,6247.0,538.2,Rhode Island
2003,1071342,6042.0,515.4,Rhode Island
2004,1074579,6308.0,532.4,Rhode Island
2005,1067916,6020.0,510.1,Rhode Island
2006,1063096,6296.0,528.9,Rhode Island
2007,1057315,6373.0,533.7,Rhode Island
2008,1055003,6287.0,520.6,Rhode Island
2009,1053646,6258.0,514.2,Rhode Island
2010,1053337,5828.0,474.2,Rhode Island
2011,1052451,5961.0,481.1,Rhode Island
2012,1052901,6237.0,493.8,Rhode Island
2013,1053033,6233.0,489.3,Rhode Island
2014,1054480,6186.0,479.2,Rhode Island
2015,1055607,5961.0,458.0,Rhode Island
1999,3974682,18872.0,483.7,South Carolina
2000,4024223,18977.0,476.5,South Carolina
2001,4064995,19768.0,487.2,South Carolina
2002,4107795,20946.0,505.4,South Carolina
2003,4150297,20670.0,486.2,South Carolina
2004,4210921,21162.0,485.2,South Carolina
2005,4270150,21989.0,491.6,South Carolina
2006,4357847,22604.0,486.8,South Carolina
2007,4444110,23576.0,490.4,South Carolina
2008,4528996,23660.0,476.6,South Carolina
2009,4589872,24012.0,471.7,South Carolina
2010,4635943,24865.0,476.4,South Carolina
2011,4672637,25039.0,469.0,South Carolina
2012,4720760,25712.0,465.1,South Carolina
2013,4767894,25839.0,455.4,South Carolina
2014,4828430,26320.0,451.4,South Carolina
2015,4894834,27234.0,452.8,South Carolina
2001,757972,3950.0,484.6,South Dakota
2002,760020,4336.0,527.9,South Dakota
2003,763729,4007.0,483.2,South Dakota
2004,770396,4031.0,477.7,South Dakota
2005,775493,3929.0,460.8,South Dakota
2006,783033,3850.0,442.6,South Dakota
2007,791623,4167.0,470.8,South Dakota
2008,799124,4137.0,460.0,South Dakota
2009,807067,4281.0,469.1,South Dakota
2010,816325,4211.0,452.3,South Dakota
2011,824398,4526.0,477.3,South Dakota
2012,834441,4337.0,450.7,South Dakota
2013,844922,4540.0,462.0,South Dakota
2014,852561,4565.0,458.4,South Dakota
2015,857919,4406.0,433.1,South Dakota
1999,5638706,22073.0,389.7,Tennessee
2000,5703719,23148.0,402.4,Tennessee
2001,5750789,23382.0,400.5,Tennessee
2002,5795918,24325.0,409.1,Tennessee
2003,5847812,25968.0,429.2,Tennessee
2004,5910809,27758.0,450.6,Tennessee
2005,5991057,30284.0,480.2,Tennessee
2006,6088766,31063.0,479.7,Tennessee
2007,6175727,32193.0,484.6,Tennessee
2008,6247411,33045.0,485.4,Tennessee
2009,6306019,34149.0,491.8,Tennessee
2010,6356671,34037.0,479.4,Tennessee
2011,6397634,34625.0,476.4,Tennessee
2012,6454306,34687.0,467.9,Tennessee
2013,6494821,34927.0,461.6,Tennessee
2014,6544663,34848.0,450.9,Tennessee
2015,6595056,36244.0,459.8,Tennessee
1999,20558220,80618.0,468.7,Texas
2000,20944499,83164.0,472.5,Texas
2001,21319622,87573.0,487.3,Texas
2002,21690325,88719.0,481.5,Texas
2003,22030931,89878.0,476.4,Texas
2004,22394023,90643.0,468.4,Texas
2005,22773020,92577.0,465.2,Texas
2006,23359580,94586.0,458.7,Texas
2007,23831983,99176.0,466.5,Texas
2008,24309039,99946.0,456.0,Texas
2009,24801761,101250.0,447.8,Texas
2010,25244310,100091.0,430.3,Texas
2011,25646389,101437.0,422.3,Texas
2012,26071655,103093.0,416.5,Texas
2013,26473525,104937.0,411.9,Texas
2014,26944751,107211.0,408.0,Texas
2015,27429639,107271.0,396.0,Texas
1999,2203482,6628.0,416.3,Utah
2000,2244502,6560.0,402.2,Utah
2001,2283715,7012.0,419.6,Utah
2002,2324815,7177.0,416.6,Utah
2003,2360137,7484.0,423.1,Utah
2004,2401580,7772.0,426.9,Utah
2005,2457719,7931.0,420.2,Utah
2006,2525507,8317.0,423.8,Utah
2007,2597746,8526.0,419.7,Utah
2008,2663029,8861.0,421.8,Utah
2009,2723421,9131.0,421.0,Utah
2010,2775326,9523.0,425.8,Utah
2011,2816124,9759.0,425.1,Utah
2012,2855782,9763.0,412.0,Utah
2013,2902663,9780.0,400.1,Utah
2014,2941836,10101.0,400.8,Utah
2015,2990632,10412.0,400.8,Utah
1999,604683,3186.0,515.6,Vermont
2000,609618,3098.0,490.7,Vermont
2001,612223,3210.0,499.9,Vermont
2002,615442,3212.0,490.3,Vermont
2003,617858,3352.0,505.3,Vermont
2004,619920,3387.0,499.4,Vermont
2005,621215,3464.0,501.8,Vermont
2006,622892,3721.0,529.4,Vermont
2007,623481,3607.0,502.2,Vermont
2008,624151,3536.0,480.0,Vermont
2009,624817,3731.0,500.0,Vermont
2010,625982,3675.0,483.3,Vermont
2011,626730,3664.0,474.5,Vermont
2012,626444,3640.0,461.1,Vermont
2013,627140,3586.0,446.6,Vermont
2014,626984,3759.0,461.1,Vermont
2015,626088,3625.0,435.6,Vermont
1999,7000174,28776.0,434.9,Virginia
2000,7105817,29616.0,438.4,Virginia
2001,7198362,29034.0,421.5,Virginia
2002,7286873,30607.0,433.9,Virginia
2003,7366977,32886.0,458.2,Virginia
2004,7475575,33525.0,456.2,Virginia
2005,7577105,34612.0,459.3,Virginia
2006,7673725,35390.0,459.4,Virginia
2007,7751000,37307.0,472.1,Virginia
2008,7833496,37392.0,463.0,Virginia
2009,7925937,37959.0,458.7,Virginia
2010,8025773,36554.0,430.5,Virginia
2011,8110035,37486.0,431.5,Virginia
2012,8192048,37159.0,418.3,Virginia
2013,8262692,38769.0,425.2,Virginia
2014,8317372,39296.0,421.2,Virginia
2015,8367587,38420.0,401.7,Virginia
1999,5842564,28172.0,517.7,Washington
2000,5910512,28083.0,506.7,Washington
2001,5985722,29372.0,520.0,Washington
2002,6052349,29655.0,512.3,Washington
2003,6104115,29826.0,504.6,Washington
2004,6178645,30715.0,505.9,Washington
2005,6257305,31437.0,504.9,Washington
2006,6370753,31880.0,497.5,Washington
2007,6461587,31379.0,476.0,Washington
2008,6562231,33317.0,492.8,Washington
2009,6667426,34242.0,491.6,Washington
2010,6743226,34455.0,481.4,Washington
2011,6822520,35095.0,478.9,Washington
2012,6895226,35078.0,465.8,Washington
2013,6968006,35219.0,455.0,Washington
2014,7054196,35380.0,445.2,Washington
2015,7160290,35389.0,431.8,Washington
1999,1811799,10537.0,502.1,West Virginia
2000,1807021,10615.0,503.3,West Virginia
2001,1801481,10955.0,515.8,West Virginia
2002,1805414,10756.0,501.6,West Virginia
2003,1812295,10530.0,486.1,West Virginia
2004,1816438,10773.0,493.4,West Virginia
2005,1820492,11105.0,502.9,West Virginia
2006,1827912,11288.0,504.8,West Virginia
2007,1834052,11588.0,509.7,West Virginia
2008,1840310,11339.0,493.6,West Virginia
2009,1847775,11415.0,491.0,West Virginia
2010,1854230,11297.0,480.6,West Virginia
2011,1854972,11741.0,494.3,West Virginia
2012,1856560,11487.0,477.6,West Virginia
2013,1853231,11629.0,477.0,West Virginia
2014,1848514,11462.0,469.1,West Virginia
2015,1841053,11548.0,467.7,West Virginia
1999,5332666,26902.0,496.1,Wisconsin
2000,5373999,26730.0,487.6,Wisconsin
2001,5406835,28095.0,506.6,Wisconsin
2002,5445162,27332.0,485.7,Wisconsin
2003,5479203,27478.0,480.4,Wisconsin
2004,5514026,27896.0,480.3,Wisconsin
2005,5546166,27938.0,473.7,Wisconsin
2006,5577655,28822.0,481.5,Wisconsin
2007,5610775,29618.0,485.8,Wisconsin
2008,5640996,30122.0,484.9,Wisconsin
2009,5669264,30299.0,479.7,Wisconsin
2010,5690263,30728.0,478.9,Wisconsin
2011,5709640,31795.0,485.2,Wisconsin
2012,5726177,31163.0,466.8,Wisconsin
2013,5742854,31605.0,465.7,Wisconsin
2014,5758377,32201.0,465.2,Wisconsin
2015,5767891,32102.0,456.4,Wisconsin
1999,491780,2205.0,471.9,Wyoming
2000,494300,2231.0,465.1,Wyoming
2001,494657,2227.0,457.4,Wyoming
2002,500017,2224.0,444.1,Wyoming
2003,503453,2369.0,462.8,Wyoming
2004,509106,2363.0,451.8,Wyoming
2005,514157,2297.0,428.0,Wyoming
2006,522667,2477.0,454.6,Wyoming
2007,534876,2457.0,436.4,Wyoming
2008,546043,2543.0,438.8,Wyoming
2009,559851,2537.0,427.4,Wyoming
2010,564513,2655.0,433.6,Wyoming
2011,567725,2700.0,438.3,Wyoming
2012,576765,2540.0,399.7,Wyoming
2013,582684,2544.0,386.6,Wyoming
2014,583642,2659.0,401.8,Wyoming
2015,586555,2630.0,391.9,Wyoming
